j, g, 0, g, 1, 3, a, 7, G, 4, E, Y, 5, 7, 1, 
2, o, u, x, i, 2, ., b, 6, 4, X, G, 6, F, 6, 
8, 2, h, y, 4, r, 3, 1, c, 9, 4, 1, R, 4, 1, 
8, 4, X, n, 9, 0, l, 4, 4, 1, 8, T, W, Y, Y, 
C, P, V, K, n, F, 1, 8, 3, M, K, S, 8, R, N, 
8, C, 1, 5, 8, y, Y, 1, 6, 6, 5, O, F, 3, 2, 
E, 6, 7, 4, 2, G, a, 4, 2, Y, 1, 7, 7, 3, 9, 
8, 8, M, E, 8, N, R, p, P, 3, X, J, 1, O, 6, 
W, X, H, S, 4, 9, O, S, p, 7, V, T, 1, N, 4, 
6, 1, X, 6, N, K, F, 2, 5, l, 3, 7, N, G, O, 
K, T, 8, 7, O, U, Z, R, D, 8, e, T, I, J, A, 
Y, 3, 2, M, 8, J, 9, 6, B, 2, O, s, 9, 8, 9, 
3, D, P, S, 7, S, 4, 9, Z, O, 5, N, e, 2, 0, 
J, 3, 6, 9, 7, B, 5, 6, L, G, 4, B, B, e, R, 
5, 3, S, P, 6, 8, G, 4, U, 1, 0, 6, B, X, d, 
